ID,NUMERO_IDENTIFICADOR,NOMBRE_ESTANDARIZADO,MARCA_ESTANDARIZADA
1,20997043,CAMION,RAM
2,20955958,BUS,GOLDEN DRAGON
3,20969631,BUS,MITSUBISHI FUSO
4,20987696,BUS,MITSUBISHI FUSO
5,20961954,AUTOMOVIL,NISSAN
6,20991395,AUTOMOVIL,DONGFENG MOTOR
7,20960013,BUS,YUTONG
8,20965040,BUS,YUTONG
9,21014353,BUS,YUTONG
10,20996239,BUS,MERCEDES BENZ
11,20972826,AUTOMOVIL,FORD
12,20994197,AUTOMOVIL,FORD
13,21020614,AUTOMOVIL,DONGFENG MOTOR
14,20965896,AUTOMOVIL,HYUNDAI
15,20952617,AUTOMOVIL,HYUNDAI
16,21028461,CASA RODANTE,MERCEDES BENZ
18,21005650,AUTOMOVIL,FORD
19,21003176,AUTOMOVIL,FORD
20,20961362,AUTOMOVIL,NISSAN
21,20991395,AUTOMOVIL,DONGFENG MOTOR
22,20957820,BUS,MERCEDES BENZ
23,20958466,BUS,MERCEDES BENZ
24,20968368,MINI BUS,FORD
25,20990018,MINI BUS,FORD
26,21028775,MINI BUS,FORD
27,20965818,MINI BUS,FORD
28,20960016,MINI BUS,MAXUS
29,20967580,MINI BUS,MAXUS
30,20991778,MINI BUS,MAXUS
31,21005441,MINI BUS,MAXUS
32,21002255,MINI BUS,JAC
33,21013618,BUS,MERCEDES BENZ
34,21007913,BUS,MERCEDES BENZ
35,20985438,BUS,ZHONGTONG
36,20949307,BUS,ZHONGTONG
37,21015181,BUS,ZHONGTONG
38,20996782,BUS,ZHONGTONG
39,20962643,BUS,ZHONGTONG
40,21027483,AUTOMOVIL,FERRARI
41,20997043,AUTOMOVIL,FIAT
42,20985864,AUTOMOVIL,FIAT
43,20987142,AUTOMOVIL,TRIUMPH
44,20955068,AUTOMOVIL,ALFA ROMEO
45,20962556,AUTOMOVIL,HYUNDAI
46,20972826,CAMION,FORD
47,20955944,OTROS,FORD
48,20994632,OTROS,NO ESPECIFICADA
49,20998479,AUTOMOVIL,HYUNDAI
50,20958717,AUTOMOVIL,HYUNDAI
51,20989235,AUTOMOVIL,HYUNDAI
52,21027515,AUTOMOVIL,NO ESPECIFICADA
53,21027541,AUTOMOVIL,NO ESPECIFICADA
54,20977213,AUTOMOVIL,NO ESPECIFICADA
55,20977262,AUTOMOVIL,NO ESPECIFICADA
56,20965658,AUTOMOVIL,NO ESPECIFICADA
57,20964477,AUTOMOVIL,HYUNDAI
58,21021220,AUTOMOVIL,HYUNDAI
59,21001531,MINI BUS,MAXUS
60,21024024,MINI BUS,MAXUS
61,20981434,MINI BUS,HYUNDAI
62,20956971,AUTOMOVIL,FORD
63,20958630,AUTOMOVIL,FORD
64,20973839,AUTOMOVIL,FORD
65,20945710,AUTOMOVIL,FORD
66,21010112,AUTOMOVIL,JEEP
67,20979824,AUTOMOVIL,JEEP
68,21030437,CASA RODANTE,FIAT
69,20985100,AUTOMOVIL,NO ESPECIFICADA
70,21001127,FURGON,MAXUS
71,21007038,AUTOMOVIL,BYD
72,21019567,AUTOMOVIL,BYD
73,20979580,AUTOMOVIL,BYD
74,20959639,CASA RODANTE,NO ESPECIFICADA
75,21031177,CASA RODANTE,NO ESPECIFICADA
76,21015449,CARRO DE GOLF,NO ESPECIFICADA
77,21014856,MINI BUS,HYUNDAI
78,20968368,MINI BUS,NO ESPECIFICADA
79,20949540,CAMION,MAXUS
80,20962003,CAMION,MAXUS
81,21024667,CAMION,MAXUS
82,20950548,CAMION,MAXUS
83,20998769,OTROS,NO ESPECIFICADA
84,20955934,OTROS,NO ESPECIFICADA
85,20962380,OTROS,MG
86,20992821,CAMION,MAXUS
87,20973580,AUTOMOVIL,GAC
88,20990166,AUTOMOVIL,GAC
89,21000404,AUTOMOVIL,BYD
90,20967746,AUTOMOVIL,MITSUBISHI
91,20952861,AUTOMOVIL,MG
92,21000254,GO KART,NO ESPECIFICADA
93,20991730,OTROS,NO ESPECIFICADA
94,20946433,CASA RODANTE,FORD
95,20957631,MOTO DUNAS,HONDA
96,20984931,CUATRI MOTO,KAWASAKI
97,20973537,CASA RODANTE,FORD
98,20977804,AUTOMOVIL,FORD
99,21024158,AUTOMOVIL,MERCEDES BENZ
100,20987137,AUTOMOVIL,NO ESPECIFICADA
101,20961500,AUTOMOVIL,TESLA
102,20953885,AUTOMOVIL,DS
103,20954177,OTROS,NO ESPECIFICADA
104,20985879,MINI BUS,HYUNDAI
105,20993803,MINI BUS,HYUNDAI
106,20946795,MINI BUS,HYUNDAI
107,20993245,AUTOMOVIL,PORSCHE
108,20991451,AUTOMOVIL,MERCEDES BENZ
109,21026603,AUTOMOVIL,MERCEDES BENZ
110,20957468,AUTOMOVIL,MERCEDES BENZ
111,20974525,AUTOMOVIL,MERCEDES BENZ
112,21007663,AUTOMOVIL,MERCEDES BENZ
113,20991801,AUTOMOVIL,MERCEDES BENZ
114,20966656,AUTOMOVIL,MERCEDES BENZ
115,20987001,AUTOMOVIL,MERCEDES BENZ
116,20967143,AUTOMOVIL,MERCEDES BENZ
117,21001105,AUTOMOVIL,MERCEDES BENZ
118,20975051,MOTO DUNAS,HONDA
119,20977072,MOTO DUNAS,HONDA
120,20998263,FURGON,MAXUS
121,20988972,FURGON,MAXUS
122,20960495,CAMION,MAXUS
123,21025171,CAMION,MAXUS
124,20987899,CAMION,MAXUS
125,20991644,CAMION,MAXUS
126,20959754,CAMION,MAXUS
127,20979998,CAMION,MAXUS
128,20998846,AUTOMOVIL,NO ESPECIFICADA
129,21013651,AUTOMOVIL,NO ESPECIFICADA
130,20993523,AUTOMOVIL,HYUNDAI
131,20956241,AUTOMOVIL,NO ESPECIFICADA
132,20948485,AUTOMOVIL,NO ESPECIFICADA
133,21020161,AUTOMOVIL,HYUNDAI
134,20948276,AUTOMOVIL,HYUNDAI
135,20952714,AUTOMOVIL,HYUNDAI
136,21024654,AUTOMOVIL,HYUNDAI
137,20961756,AUTOMOVIL,HYUNDAI
138,21023106,AUTOMOVIL,HYUNDAI
139,21000810,AUTOMOVIL,HYUNDAI
140,20995267,CASA RODANTE,FORD
141,20979249,CASA RODANTE,FIAT
142,20962009,CASA RODANTE,FIAT
143,20982685,CASA RODANTE,FIAT
144,21002513,CASA RODANTE,CITROEN
145,21014401,AUTOMOVIL,HONDA
146,20965216,AUTOMOVIL,HYUNDAI
147,20994908,AUTOMOVIL,HYUNDAI
148,20985934,AUTOMOVIL,HYUNDAI
149,20981941,AUTOMOVIL,HYUNDAI
150,20995400,AUTOMOVIL,HYUNDAI
151,21025848,AUTOMOVIL,MERCEDES BENZ
152,20996272,AUTOMOVIL,MERCEDES BENZ
153,20999813,AUTOMOVIL,MERCEDES BENZ
154,21025712,AUTOMOVIL,MERCEDES BENZ
155,20974528,AUTOMOVIL,MERCEDES BENZ
156,21026124,AUTOMOVIL,MERCEDES BENZ
157,20960776,AUTOMOVIL,MERCEDES BENZ
158,20976943,AUTOMOVIL,MERCEDES BENZ
159,20979062,AUTOMOVIL,MERCEDES BENZ
160,21006892,AUTOMOVIL,MERCEDES BENZ
161,21030804,AUTOMOVIL,MERCEDES BENZ
162,20998983,AUTOMOVIL,MERCEDES BENZ
163,20948745,AUTOMOVIL,MERCEDES BENZ
164,21025675,AUTOMOVIL,MERCEDES BENZ
165,20983067,AUTOMOVIL,MERCEDES BENZ
166,21018938,AUTOMOVIL,NO ESPECIFICADA
167,20953412,AUTOMOVIL,NO ESPECIFICADA
168,20948053,AUTOMOVIL,NO ESPECIFICADA
169,20962788,AUTOMOVIL,KIA
170,21004497,AUTOMOVIL,SEAT
171,21006152,AUTOMOVIL,NO ESPECIFICADA
172,20980099,AUTOMOVIL,TRIUMPH
173,21020238,AUTOMOVIL,MINI
174,20972744,AUTOMOVIL,MINI
175,21005052,AUTOMOVIL,MINI
176,20971276,AUTOMOVIL,MINI
177,20981079,AUTOMOVIL,MINI
178,20955983,AUTOMOVIL,MINI
179,21016186,AUTOMOVIL,MINI
180,20984336,AUTOMOVIL,MINI
181,20984483,AUTOMOVIL,MINI
182,20959164,AUTOMOVIL,MINI
183,20999086,AUTOMOVIL,MINI
184,20990566,AUTOMOVIL,MINI
185,21024786,AUTOMOVIL,MINI
186,20999486,AUTOMOVIL,MINI
187,21005826,AUTOMOVIL,MINI
188,20953161,AUTOMOVIL,MINI
189,20975742,AUTOMOVIL,MINI
190,21029219,AUTOMOVIL,MINI
191,20981475,AUTOMOVIL,MINI
192,20973954,AUTOMOVIL,BMW
193,20949963,AUTOMOVIL,BMW
194,21003598,AUTOMOVIL,BMW
195,20995854,OTROS,NO ESPECIFICADA
196,20997396,CASA RODANTE,FIAT
197,20967982,CASA RODANTE,FIAT
198,20993290,CASA RODANTE,NO ESPECIFICADA
199,20978778,CASA RODANTE,CITROEN
200,21019983,CASA RODANTE,NO ESPECIFICADA
201,20945150,CASA RODANTE,NO ESPECIFICADA
202,20991887,AUTOMOVIL,HYUNDAI
203,21026284,GO KART,NO ESPECIFICADA
204,20970479,GO KART,NO ESPECIFICADA
205,21005247,AUTOMOVIL,HYUNDAI
206,20972857,CHASSIS CABINA,HYUNDAI
207,21015639,AUTOMOVIL,NO ESPECIFICADA
208,21015630,CHASSIS CABINA,HYUNDAI
209,20958036,CHASSIS CABINA,HYUNDAI
210,21022203,AUTOMOVIL,NO ESPECIFICADA
211,21005020,AUTOMOVIL,NO ESPECIFICADA
212,20945389,AUTOMOVIL,NO ESPECIFICADA
213,20999781,AUTOMOVIL,NO ESPECIFICADA
214,20979571,AUTOMOVIL,NO ESPECIFICADA
215,20963049,CHASSIS CABINA,HYUNDAI
216,20980569,CHASSIS CABINA,HYUNDAI
217,20957650,CAMION,HYUNDAI
218,20958492,CAMION,HYUNDAI
219,20978821,CAMION,HYUNDAI
220,20976392,CAMION,HYUNDAI
221,21021696,AUTOMOVIL,HYUNDAI
222,20974089,AUTOMOVIL,HYUNDAI
223,21001260,AUTOMOVIL,HYUNDAI
224,20973546,AUTOMOVIL,NISSAN
225,21016043,AUTOMOVIL,NISSAN
226,20996113,AUTOMOVIL,NISSAN
227,20969856,AUTOMOVIL,MAHINDRA
228,20973059,AUTOMOVIL,MAHINDRA
229,21016813,CHASSIS CABINA,HYUNDAI
230,20968510,CARRO BOMBA,SCANIA
231,21018568,OTROS,NO ESPECIFICADA
232,20991718,OTROS,NO ESPECIFICADA
233,21025350,OTROS,NO ESPECIFICADA
234,21014907,AUTOMOVIL,HYUNDAI
235,21010772,AUTOMOVIL,HYUNDAI
236,20998769,CAMION,NO ESPECIFICADA
237,20995668,AUTOMOVIL,BRILLIANCE
238,20950147,AUTOMOVIL,BRILLIANCE
239,21012021,AUTOMOVIL,BRILLIANCE
240,20990488,AUTOMOVIL,BRILLIANCE
241,20953080,AUTOMOVIL,GAC
242,20982315,AUTOMOVIL,MITSUBISHI
243,21004039,AUTOMOVIL,MITSUBISHI
244,21003809,AUTOMOVIL,MITSUBISHI
245,20965277,AUTOMOVIL,HYUNDAI
246,21011200,AUTOMOVIL,HYUNDAI
247,21002678,AUTOMOVIL,HYUNDAI
248,21029040,AUTOMOVIL,HYUNDAI
249,20986046,MOTOCICLETA,NO ESPECIFICADA
250,20986046,OTROS,NO ESPECIFICADA
251,20962817,OTROS,NO ESPECIFICADA
252,20998884,AUTOMOVIL,HYUNDAI
253,21029880,AUTOMOVIL,HYUNDAI
254,20992680,AUTOMOVIL,BMW
255,20966913,AUTOMOVIL,BMW
256,20978750,BUS,ZHONGTONG
257,20981378,BUS,ZHONGTONG
258,20986038,BUS,JAC
259,21002255,BUS,JAC
260,21002980,BUS,JAC
261,20959089,BUS,ZHONGTONG
262,21005753,BUS,ZHONGTONG
263,20984089,BUS,ZHONGTONG
264,20982665,BUS,ZHONGTONG
265,21028453,BUS,ZHONGTONG
266,20945647,BUS,ZHONGTONG
267,20956960,BUS,ZHONGTONG
268,20982171,CAMION,NO ESPECIFICADA
269,20986580,CAMION,NO ESPECIFICADA
270,20976870,CAMION,NO ESPECIFICADA
271,21010209,CAMION,NO ESPECIFICADA
272,21003572,CAMION,NO ESPECIFICADA
273,21017879,CAMION,NO ESPECIFICADA
274,21016445,CAMION,NO ESPECIFICADA
275,20971422,AUTOMOVIL,LAND ROVER
276,21001581,AUTOMOVIL,LAND ROVER
277,21022631,AUTOMOVIL,VOLVO
278,20965223,AUTOMOVIL,VOLVO
279,21004259,AUTOMOVIL,VOLVO
280,20968693,AUTOMOVIL,VOLVO
281,20961380,AUTOMOVIL,VOLVO
282,20949436,AUTOMOVIL,VOLVO
283,21020214,AUTOMOVIL,VOLVO
284,20954514,AUTOMOVIL,VOLVO
285,21014437,AUTOMOVIL,VOLVO
286,20986902,AUTOMOVIL,BMW
287,20955472,AUTOMOVIL,BMW
288,20973607,AUTOMOVIL,BMW
289,21007859,AUTOMOVIL,NO ESPECIFICADA
290,21001218,AUTOMOVIL,PORSCHE
291,21029457,AUTOMOVIL,PORSCHE
292,20988217,AUTOMOVIL,BMW
293,21003108,AUTOMOVIL,BMW
294,21002664,AUTOMOVIL,BMW
295,21015061,AUTOMOVIL,BMW
296,20957987,AUTOMOVIL,BMW
297,20951496,AUTOMOVIL,BMW
298,20981420,AUTOMOVIL,BMW
299,20978591,AUTOMOVIL,BMW
300,21012363,AUTOMOVIL,BMW
301,21025345,AUTOMOVIL,BMW
302,20995235,AUTOMOVIL,BMW
303,21027997,AUTOMOVIL,BMW
304,20965314,AUTOMOVIL,BMW
305,21031258,MAQUINA INDUSTRIAL,NO ESPECIFICADA
306,20955236,MAQUINA INDUSTRIAL,NO ESPECIFICADA
307,20990466,AUTOMOVIL,BMW
308,21024538,AUTOMOVIL,BMW
309,21012732,AUTOMOVIL,BMW
310,20984450,AUTOMOVIL,BMW
311,20977611,AUTOMOVIL,MERCEDES BENZ
312,20988952,AUTOMOVIL,JAC
313,21014133,AUTOMOVIL,PORSCHE
314,20972962,AUTOMOVIL,PORSCHE
315,21031324,AUTOMOVIL,BMW
316,21024271,BUS,MERCEDES BENZ
317,20977521,BUS,MERCEDES BENZ
318,21021606,BUS,MERCEDES BENZ
319,20996691,FURGON,BRILLIANCE
320,21003746,AUTOMOVIL,BMW
321,20973590,AUTOMOVIL,BMW
322,21017509,AUTOMOVIL,BMW
323,20996776,FURGON,CITROEN
324,21010889,FURGON,CITROEN
325,21012250,FURGON,CITROEN
326,21005759,FURGON,CITROEN
327,20968772,FURGON,PEUGEOT
328,21009341,FURGON,PEUGEOT
329,21018234,AUTOMOVIL,LAND ROVER
330,20946589,AUTOMOVIL,LAND ROVER
331,21006456,AUTOMOVIL,HYUNDAI
332,20987659,AUTOMOVIL,BMW
333,21004597,AUTOMOVIL,BMW
334,20994261,AUTOMOVIL,BMW
335,21023128,AUTOMOVIL,BMW
336,20962047,AUTOMOVIL,BMW
337,21008909,AUTOMOVIL,BMW
338,21025995,AUTOMOVIL,BMW
339,20965071,AUTOMOVIL,BMW
340,20953574,AUTOMOVIL,BMW
341,20974834,AUTOMOVIL,BMW
342,20971231,AUTOMOVIL,BMW
343,20946309,AUTOMOVIL,BMW
344,21029606,AUTOMOVIL,BMW
345,20956406,AUTOMOVIL,BMW
346,20971878,AUTOMOVIL,BMW
347,21020394,AUTOMOVIL,BMW
348,20996299,AUTOMOVIL,BMW
349,20973026,AUTOMOVIL,BMW
350,21029816,AUTOMOVIL,BMW
351,20970360,AUTOMOVIL,BMW
352,21024294,AUTOMOVIL,BMW
353,20958120,AUTOMOVIL,BMW
354,20946058,AUTOMOVIL,BMW
355,21030322,AUTOMOVIL,BMW
356,21002607,AUTOMOVIL,BMW
357,20990519,AUTOMOVIL,BMW
358,21004054,AUTOMOVIL,BMW
359,21029639,AUTOMOVIL,BMW
360,20987197,AUTOMOVIL,BMW
361,21007995,AUTOMOVIL,BMW
362,20984609,AUTOMOVIL,BMW
363,20974093,AUTOMOVIL,BMW
364,21013009,AUTOMOVIL,BMW
365,21001367,AUTOMOVIL,BMW
366,20997625,AUTOMOVIL,BMW
367,21006346,AUTOMOVIL,BMW
368,21023650,AUTOMOVIL,NISSAN
369,20999860,AUTOMOVIL,NISSAN
370,20953477,AUTOMOVIL,BMW
371,20981152,AUTOMOVIL,BMW
372,21020617,AUTOMOVIL,BMW
373,21028929,AUTOMOVIL,BMW
374,20972109,AUTOMOVIL,BMW
375,20985312,AUTOMOVIL,BMW
376,20965823,AUTOMOVIL,BMW
377,20953436,AUTOMOVIL,BMW
378,21020896,AUTOMOVIL,BMW
379,20995202,AUTOMOVIL,BMW
380,20994605,AUTOMOVIL,BMW
381,20975828,AUTOMOVIL,BMW
382,20979943,AUTOMOVIL,BMW
383,20981565,AUTOMOVIL,BMW
384,20973303,AUTOMOVIL,BMW
385,20969005,AUTOMOVIL,BMW
386,20954257,AUTOMOVIL,BMW
387,20950573,AUTOMOVIL,BMW
388,21007827,AUTOMOVIL,BMW
389,20962195,AUTOMOVIL,BMW
390,21001303,AUTOMOVIL,BMW
391,20999735,AUTOMOVIL,BMW
392,20994056,AUTOMOVIL,BMW
393,20962606,AUTOMOVIL,BMW
394,21025280,AUTOMOVIL,BMW
395,21000656,AUTOMOVIL,BMW
396,21024556,AUTOMOVIL,BMW
397,21023349,AUTOMOVIL,BMW
398,20983692,AUTOMOVIL,BMW
399,21000699,AUTOMOVIL,BMW
400,20989383,AUTOMOVIL,BMW
401,21028339,AUTOMOVIL,BMW
402,20947524,AUTOMOVIL,BMW
403,21019346,AUTOMOVIL,BMW
404,20967470,AUTOMOVIL,BMW
405,20963483,AUTOMOVIL,BMW
406,20958843,AUTOMOVIL,BMW
407,20949821,AUTOMOVIL,BMW
408,20994658,AUTOMOVIL,BMW
409,20947821,AUTOMOVIL,BMW
410,21019611,AUTOMOVIL,BMW
411,20992909,AUTOMOVIL,BMW
412,20979306,AUTOMOVIL,BMW
413,20996896,AUTOMOVIL,BMW
414,21031150,AUTOMOVIL,BMW
415,20962729,AUTOMOVIL,BMW
416,20956053,AUTOMOVIL,BMW
417,21012056,AUTOMOVIL,BMW
418,21023945,AUTOMOVIL,BMW
419,20993950,AUTOMOVIL,BMW
420,21013337,AUTOMOVIL,BMW
421,21024516,AUTOMOVIL,BMW
422,20960917,AUTOMOVIL,BMW
423,20985780,AUTOMOVIL,BMW
424,20981535,AUTOMOVIL,BMW
425,21011006,FURGON,MERCEDES BENZ
426,20985868,FURGON,MERCEDES BENZ
427,21016017,FURGON,MERCEDES BENZ
428,20946695,FURGON,MERCEDES BENZ
429,21016647,FURGON,MERCEDES BENZ
430,21018066,CAMION,RAM
431,21000145,CAMION,RAM
432,21009539,CAMION,RAM
433,21001700,CAMION,RAM
434,20947362,AUTOMOVIL,MERCEDES BENZ
435,20946202,AUTOMOVIL,MERCEDES BENZ
436,20957306,FURGON,MERCEDES BENZ
437,21006157,CAMION,MAXUS
438,21000588,AUTOMOVIL,MERCEDES BENZ
439,20975274,AUTOMOVIL,MERCEDES BENZ
440,20964408,AUTOMOVIL,MERCEDES BENZ
441,20976765,CHASSIS CABINA,MERCEDES BENZ
442,20979410,CAMION,MAXUS
443,20993606,AUTOMOVIL,MERCEDES BENZ
444,20988516,CHASSIS CABINA,MERCEDES BENZ
445,21025847,CHASSIS CABINA,MERCEDES BENZ
446,20999863,CHASSIS CABINA,MERCEDES BENZ
447,20978532,CHASSIS CABINA,MERCEDES BENZ
448,20966430,CHASSIS CABINA,MERCEDES BENZ
449,21001466,CHASSIS CABINA,MERCEDES BENZ
450,21002675,CHASSIS CABINA,MERCEDES BENZ
451,21010355,CHASSIS CABINA,MERCEDES BENZ
452,21027534,CHASSIS CABINA,MERCEDES BENZ
453,21010564,CHASSIS CABINA,MERCEDES BENZ
454,20973384,CHASSIS CABINA,MERCEDES BENZ
455,21025504,CHASSIS CABINA,MERCEDES BENZ
456,20953718,CHASSIS CABINA,MERCEDES BENZ
457,20984367,CHASSIS CABINA,MERCEDES BENZ
458,21029984,CHASSIS CABINA,MERCEDES BENZ
459,20983477,CHASSIS CABINA,MERCEDES BENZ
460,20999871,CHASSIS CABINA,MERCEDES BENZ
461,21021908,CHASSIS CABINA,MERCEDES BENZ
462,20967306,CHASSIS CABINA,MERCEDES BENZ
463,21009686,CHASSIS CABINA,MERCEDES BENZ
464,21011924,CHASSIS CABINA,MERCEDES BENZ
465,21023368,AUTOMOVIL,MERCEDES BENZ
466,20978081,AUTOMOVIL,MERCEDES BENZ
467,21019314,AUTOMOVIL,MERCEDES BENZ
468,20973361,AUTOMOVIL,MERCEDES BENZ
469,20960782,AUTOMOVIL,MERCEDES BENZ
470,20984197,AUTOMOVIL,MERCEDES BENZ
471,21002954,AUTOMOVIL,MERCEDES BENZ
472,21027347,AUTOMOVIL,MERCEDES BENZ
473,21017717,AUTOMOVIL,MERCEDES BENZ
474,20992485,AUTOMOVIL,MERCEDES BENZ
475,21020242,AUTOMOVIL,MERCEDES BENZ
476,20973307,AUTOMOVIL,MERCEDES BENZ
477,20974328,AUTOMOVIL,MERCEDES BENZ
478,20970332,AUTOMOVIL,MERCEDES BENZ
479,21014546,AUTOMOVIL,MERCEDES BENZ
480,20948567,AUTOMOVIL,NO ESPECIFICADA
481,21029399,AUTOMOVIL,NO ESPECIFICADA
482,20947832,AUTOMOVIL,NO ESPECIFICADA
483,21017343,AUTOMOVIL,NO ESPECIFICADA
484,20953696,AUTOMOVIL,NO ESPECIFICADA
485,20992576,AUTOMOVIL,NO ESPECIFICADA
486,20958053,AUTOMOVIL,MERCEDES BENZ
487,20965002,AUTOMOVIL,MERCEDES BENZ
488,21011951,AUTOMOVIL,MERCEDES BENZ
489,21005880,AUTOMOVIL,MERCEDES BENZ
490,20974080,CAMION,MAXUS
491,21007103,CAMION,MAXUS
492,20966678,CAMION,MAXUS
493,20960268,CAMION,MAXUS
494,21031674,CAMION,NO ESPECIFICADA
495,20959437,CAMION,NO ESPECIFICADA
496,21015729,CAMION,NO ESPECIFICADA
497,20984147,CAMION,NO ESPECIFICADA
498,20946115,AUTOMOVIL,MERCEDES BENZ
499,20996944,AUTOMOVIL,MERCEDES BENZ
500,21024690,AUTOMOVIL,MERCEDES BENZ
501,21028016,AUTOMOVIL,MERCEDES BENZ
502,21007880,AUTOMOVIL,MERCEDES BENZ
503,20956948,AUTOMOVIL,MERCEDES BENZ
504,21015434,AUTOMOVIL,DS
505,21014078,AUTOMOVIL,DS
506,20948284,AUTOMOVIL,BMW
507,21010441,AUTOMOVIL,BMW
508,21009992,AUTOMOVIL,BMW
509,20978372,AUTOMOVIL,BMW
510,20947787,AUTOMOVIL,BMW
511,20974934,AUTOMOVIL,BMW
512,21019796,AUTOMOVIL,BMW
513,21027044,AUTOMOVIL,BMW
514,21012371,AUTOMOVIL,BMW
515,21013364,AUTOMOVIL,BMW
516,20984140,AUTOMOVIL,BMW
517,20973403,AUTOMOVIL,BMW
518,20995658,AUTOMOVIL,BMW
519,21021076,AUTOMOVIL,BMW
520,20985571,AUTOMOVIL,BMW
521,20988204,AUTOMOVIL,BMW
522,21028344,AUTOMOVIL,BMW
523,21016833,AUTOMOVIL,BMW
524,20980427,AUTOMOVIL,BMW
525,21027038,AUTOMOVIL,BMW
526,20963919,AUTOMOVIL,BMW
527,21001087,AUTOMOVIL,BMW
528,21027207,AUTOMOVIL,BMW
529,20989978,AUTOMOVIL,BMW
530,20975276,AUTOMOVIL,BMW
531,20994275,AUTOMOVIL,BMW
532,21003744,AUTOMOVIL,BMW
533,20949641,VEHICULO TODO TERRENO,BOMBARDIER RECREATIONAL
534,20996310,AUTOMOVIL,MERCEDES BENZ
535,20965837,AUTOMOVIL,MERCEDES BENZ
536,20986554,AUTOMOVIL,MERCEDES BENZ
537,21016446,AUTOMOVIL,MERCEDES BENZ
538,20961484,AUTOMOVIL,MERCEDES BENZ
539,21015487,AUTOMOVIL,MERCEDES BENZ
540,20998911,AUTOMOVIL,JAC
541,20968855,AUTOMOVIL,DONGFENG MOTOR
542,21019409,AUTOMOVIL,CITROEN
543,20975618,AUTOMOVIL,CITROEN
544,20982546,AUTOMOVIL,CITROEN
545,20991035,AUTOMOVIL,CITROEN
546,20979395,AUTOMOVIL,CITROEN
547,20962807,AUTOMOVIL,CITROEN
548,20997202,AUTOMOVIL,CITROEN
549,21029308,AUTOMOVIL,CITROEN
550,20953188,AUTOMOVIL,CITROEN
551,20952376,AUTOMOVIL,BMW
552,20967129,AUTOMOVIL,BMW
553,20957027,AUTOMOVIL,BMW
554,20986732,AUTOMOVIL,BMW
555,20946737,AUTOMOVIL,BMW
556,20987167,AUTOMOVIL,BMW
557,20979091,AUTOMOVIL,BMW
558,20955261,AUTOMOVIL,BMW
559,20985505,AUTOMOVIL,BMW
560,20952701,CHASSIS CABINA,JAC
561,20947283,CHASSIS CABINA,JAC
562,20993328,BUS,ZHONGTONG
563,20952701,CAMION,JAC
564,20947283,CAMION,JAC
565,21009654,CAMION,JEEP
566,20968855,AUTOMOVIL,DONGFENG MOTOR
567,21013252,AUTOMOVIL,BMW
568,21021755,AUTOMOVIL,BMW
569,21011993,AUTOMOVIL,BMW
570,20956548,AUTOMOVIL,BMW
571,20989558,FURGON,CITROEN
572,21012126,AUTOMOVIL,BMW
573,20952256,AUTOMOVIL,BMW
574,20960898,AUTOMOVIL,MINI
575,21012331,AUTOMOVIL,MINI
576,21011683,AUTOMOVIL,MINI
577,20993091,AUTOMOVIL,MINI
578,20975565,AUTOMOVIL,MINI
579,21028290,AUTOMOVIL,BMW
580,21010812,AUTOMOVIL,BMW
581,21013987,AUTOMOVIL,BMW
582,20952366,AUTOMOVIL,BMW
583,20993561,AUTOMOVIL,BMW
584,20945705,AUTOMOVIL,BMW
585,21016772,AUTOMOVIL,BMW
586,20948032,AUTOMOVIL,BMW
587,21016557,AUTOMOVIL,BMW
588,20960480,AUTOMOVIL,BMW
589,21025180,AUTOMOVIL,BMW
590,20983448,AUTOMOVIL,BMW
591,20960374,AUTOMOVIL,BMW
592,21000034,AUTOMOVIL,BMW
593,20947109,FURGON,CITROEN
594,21021635,FURGON,CITROEN
595,21028040,FURGON,CITROEN
596,20955934,CAMION,NO ESPECIFICADA
597,20976155,CAMION,NO ESPECIFICADA
598,20972134,CAMION,NO ESPECIFICADA
599,21000771,CAMION,NO ESPECIFICADA
600,20968743,CAMION,NO ESPECIFICADA
601,20996691,CAMION,BRILLIANCE
602,20963248,CAMION,BRILLIANCE
603,20974535,AUTOMOVIL,CITROEN
604,21021989,AUTOMOVIL,BMW
605,20994425,AUTOMOVIL,BMW
606,21007092,AUTOMOVIL,BMW
607,21006599,AUTOMOVIL,BMW
608,20965154,AUTOMOVIL,BMW
609,20949151,AUTOMOVIL,BMW
610,21031252,AUTOMOVIL,BMW
611,20984871,AUTOMOVIL,BMW
612,21017782,AUTOMOVIL,BMW
613,20986488,OTROS,OTS
614,21028577,OTROS,OTS
615,20961233,OTROS,OTS
616,20977039,AUTOMOVIL,BMW
617,21007261,CAMION,BRILLIANCE
618,20952321,CAMION,FOTON
619,20987087,CAMION,FOTON
620,20989858,AUTOMOVIL,BMW
621,20949828,AUTOMOVIL,BMW
622,21025757,AUTOMOVIL,BMW
623,20972704,AUTOMOVIL,BMW
624,20977435,CAMION,MERCEDES BENZ
625,21008411,CAMION,MERCEDES BENZ
626,21018320,CAMION,FOTON
627,20966061,AUTOMOVIL,BMW
628,21007714,CUATRI MOTO,KAYO
629,21007714,BUGGY,KAYO
630,20952069,AUTOMOVIL,BMW
631,21018771,AUTOMOVIL,BMW
632,20969611,AUTOMOVIL,BMW
633,20984354,AUTOMOVIL,BMW
634,20985273,CAMION,RAM
635,21006142,CAMION,VOLVO
636,21022175,CAMION,VOLVO
637,21023883,CAMION,FOTON
638,21020547,CAMION,RAM
639,21010112,CAMION,RAM
640,20951044,CAMION,RAM
641,20979824,CAMION,RAM
642,20995179,CAMION,RAM
643,20945141,CAMION,NO ESPECIFICADA
644,21014327,CAMION,MAHINDRA
645,20955284,CAMION,FOTON
646,21004074,CAMION,KOMATSU
647,20989963,CAMION,KOMATSU
648,20998910,CAMION,SHINERAY
649,21021766,CAMION,NO ESPECIFICADA
650,20997307,CAMION,MAXUS
651,20967229,CAMION,MAXUS
652,20956724,AUTOMOVIL,NO ESPECIFICADA
653,20972826,AUTOMOVIL,FORD
654,21014258,AUTOMOVIL,MCLAREN
655,21008311,AUTOMOVIL,BMW
656,21021839,AUTOMOVIL,BMW
657,21009481,AUTOMOVIL,BMW
658,21019222,AUTOMOVIL,BMW
659,21003186,AUTOMOVIL,BMW
660,20997813,AUTOMOVIL,BMW
661,21012050,AUTOMOVIL,BMW
662,20946962,CHASSIS CABINA,MITSUBISHI FUSO
663,20995312,OTROS,NO ESPECIFICADA
664,21029581,AUTOMOVIL,BMW
665,20984949,AUTOMOVIL,BMW
666,21026962,CAMION,MAXUS
667,21011881,CAMION,MAXUS
668,20988264,CAMION,MAXUS
669,20984036,CAMION,CHEVROLET
670,21019372,CAMION,CHEVROLET
671,21021928,CAMION,CHEVROLET
672,21028727,CAMION,TOYOTA
673,20986805,CAMION,NO ESPECIFICADA
674,20962759,AUTOMOVIL,BMW
675,20970762,AUTOMOVIL,BMW
676,21015973,AUTOMOVIL,BMW
677,20977859,AUTOMOVIL,BMW
678,20993642,AUTOMOVIL,BMW
679,20993760,AUTOMOVIL,BMW
680,21004909,CUATRI MOTO,NO ESPECIFICADA
681,20980837,AUTOMOVIL,BMW
682,20954657,AUTOMOVIL,BMW
683,20993232,AUTOMOVIL,BMW
684,21000604,CUATRI MOTO,KAYO
685,20970082,CAMION,NO ESPECIFICADA
686,21023042,CAMION,NO ESPECIFICADA
687,21027973,CAMION,MAZDA
688,21014611,CAMION,NO ESPECIFICADA
689,20970805,AUTOMOVIL,BMW
690,20984848,AUTOMOVIL,BMW
691,20959476,AUTOMOVIL,BMW
692,21019683,AUTOMOVIL,BMW
693,20980612,AUTOMOVIL,BMW
694,20978661,AUTOMOVIL,BMW
695,20953904,AUTOMOVIL,BMW
696,20959956,AUTOMOVIL,BMW
697,20960935,AUTOMOVIL,BMW
698,21000447,AUTOMOVIL,NO ESPECIFICADA
699,20968613,AUTOMOVIL,NO ESPECIFICADA
700,20971110,AUTOMOVIL,FORD
701,20980214,AUTOMOVIL,BMW
702,21019836,CHASSIS CABINA,MERCEDES BENZ
703,21018690,CHASSIS CABINA,MERCEDES BENZ
704,21008500,AUTOMOVIL,RAM
705,21009814,AUTOMOVIL,NO ESPECIFICADA
706,20963393,CHASSIS CABINA,MERCEDES BENZ
707,21001786,CHASSIS CABINA,MERCEDES BENZ
708,21010792,VEHICULO TODO TERRENO,BOMBARDIER RECREATIONAL
709,20993631,AUTOMOVIL,NO ESPECIFICADA
710,21030218,CASA RODANTE,FREIGHTLINER
711,20955068,AUTOMOVIL,ALFA ROMEO
712,20963024,AUTOMOVIL,MITSUBISHI
713,20996801,CHASSIS CABINA,MERCEDES BENZ
714,20945159,AUTOMOVIL,MITSUBISHI
715,20995315,AUTOMOVIL,MITSUBISHI
716,20961837,AUTOMOVIL,CHERRY
717,21029753,AUTOMOVIL,CHERRY
718,21022826,AUTOMOVIL,MG
719,21016139,AUTOMOVIL,MG
720,20987242,AUTOMOVIL,NO ESPECIFICADA
721,21010666,AUTOMOVIL,NO ESPECIFICADA
722,20999099,AUTOMOVIL,MAXUS
723,20999360,CHASSIS CABINA,MERCEDES BENZ
724,20988078,CHASSIS CABINA,MERCEDES BENZ
725,21006252,CHASSIS CABINA,MERCEDES BENZ
726,20995738,CHASSIS CABINA,MERCEDES BENZ
727,21004276,CHASSIS CABINA,MERCEDES BENZ
728,21012292,AUTOMOVIL,MAXUS
729,21021109,OTROS,NO ESPECIFICADA
730,20970313,AUTOMOVIL,MAXUS
731,20966064,AUTOMOVIL,MAXUS
732,20967126,CHASSIS CABINA,MERCEDES BENZ
733,20994104,CHASSIS CABINA,MERCEDES BENZ
734,21016459,AUTOMOVIL,AUDI
735,20961261,AUTOMOVIL,KIA
736,21002534,AUTOMOVIL,TESLA
737,20980393,CASA RODANTE,FIAT
738,21020126,CASA RODANTE,FIAT
739,20961609,CASA RODANTE,NO ESPECIFICADA
740,21021164,CASA RODANTE,NO ESPECIFICADA
741,21020566,CHASSIS CABINA,MERCEDES BENZ
742,20950728,CHASSIS CABINA,MERCEDES BENZ
743,20980146,MINI VAN,NO ESPECIFICADA
744,20998769,MINI VAN,NO ESPECIFICADA
745,20947778,AUTOMOVIL,TESLA
746,21006340,CHASSIS CABINA,MERCEDES BENZ
747,20951794,CHASSIS CABINA,MERCEDES BENZ
748,20961502,AUTOMOVIL,TESLA
749,20981788,CHASSIS CABINA,MERCEDES BENZ
750,20946170,CHASSIS CABINA,MERCEDES BENZ
751,20965045,CHASSIS CABINA,NO ESPECIFICADA
752,20973918,CHASSIS CABINA,HINO
753,21016459,OTROS,AUDI
754,20966749,AUTOMOVIL,KIA
755,20953059,AUTOMOVIL,KIA
756,21000968,CHASSIS CABINA,FREIGHTLINER
757,20963131,CUATRI MOTO,ATV
758,20970756,CAMION,FOTON
759,20962380,AUTOMOVIL,MG
760,21014333,AUTOMOVIL,MG
761,20973105,AUTOMOVIL,MG
762,20953016,AUTOMOVIL,HYUNDAI
763,20953885,AUTOMOVIL,DS
764,21009341,AUTOMOVIL,PEUGEOT
765,20995157,AUTOMOVIL,HONDA
766,20957499,AUTOMOVIL,HONDA
767,20985067,AUTOMOVIL,HYUNDAI
768,21021012,AUTOMOVIL,HYUNDAI
769,20984532,AUTOMOVIL,NO ESPECIFICADA
770,20998907,AUTOMOVIL,NO ESPECIFICADA
771,20993595,AUTOMOVIL,NO ESPECIFICADA
772,21030353,AUTOMOVIL,HYUNDAI
773,20957066,AUTOMOVIL,HYUNDAI
774,21016577,AUTOMOVIL,HYUNDAI
775,21005054,AUTOMOVIL,HYUNDAI
776,20971950,AUTOMOVIL,HYUNDAI
777,20956729,AUTOMOVIL,HYUNDAI
778,20960763,AUTOMOVIL,HYUNDAI
779,21007970,AUTOMOVIL,HYUNDAI
780,21029308,FURGON,CITROEN
781,20985483,CAMION,JMC
782,20955220,CAMION,JMC
783,20967480,CAMION,MITSUBISHI
784,20975079,CAMION,MITSUBISHI
785,20951374,CAMION,MITSUBISHI
786,21000980,CAMION,FOTON
787,20994075,CAMION,MITSUBISHI
788,20971822,FURGON,NO ESPECIFICADA
789,21003325,AUTOMOVIL,HYUNDAI
790,21026896,CAMION,MAHINDRA
791,21002526,CAMION,MAHINDRA
792,20976091,FURGON,OPEL
793,21028115,FURGON,BRILLIANCE
794,21003424,FURGON,CITROEN
795,21018735,AUTOMOVIL,HYUNDAI
796,20946795,AUTOMOVIL,HYUNDAI
797,21031284,CAMION,TOYOTA
798,21031289,CAMION,CATERPILLAR
799,20965924,CAMION,CATERPILLAR
800,20998529,CAMION,DONGFENG
801,20954330,CAMION,BRILLIANCE
802,20986980,CAMION,BRILLIANCE
803,20959632,CAMION,BRILLIANCE
804,20958356,AUTOMOVIL,HYUNDAI
805,21003193,CAMION,MAHINDRA
806,21000542,AUTOMOVIL,HYUNDAI
807,20949598,FURGON,CITROEN
808,20953188,FURGON,CITROEN
809,21016406,FURGON,CITROEN
810,21008466,FURGON,CITROEN
811,21029205,FURGON,CITROEN
812,20976331,FURGON,CITROEN
813,20996891,FURGON,CITROEN
814,20999818,CHASSIS CABINA,MITSUBISHI FUSO
815,20992124,CHASSIS CABINA,MITSUBISHI FUSO
816,21031225,CHASSIS CABINA,MITSUBISHI FUSO
817,20979460,CHASSIS CABINA,MITSUBISHI FUSO
818,20999202,CHASSIS CABINA,MITSUBISHI FUSO
819,21001979,CHASSIS CABINA,MITSUBISHI FUSO
820,20946032,CHASSIS CABINA,MITSUBISHI FUSO
821,21020848,CHASSIS CABINA,MITSUBISHI FUSO
822,20955081,CHASSIS CABINA,MITSUBISHI FUSO
823,21022987,CHASSIS CABINA,MITSUBISHI FUSO
824,21013232,CHASSIS CABINA,HINO
825,20977989,FURGON,JAC
826,20977989,CAMION,JAC
827,20947532,CAMION,JAC
828,21007145,CAMION,JAC
829,20995348,AUTOMOVIL,HYUNDAI
830,21001700,AUTOMOVIL,NO ESPECIFICADA
831,21019295,AUTOMOVIL,MAHINDRA
832,20947026,AUTOMOVIL,VOLVO
833,21019584,OTROS,NO ESPECIFICADA
834,21013620,AUTOMOVIL,NO ESPECIFICADA
835,20956021,AUTOMOVIL,BMW
836,21015688,AUTOMOVIL,BMW
837,21024760,AUTOMOVIL,BMW
838,20987469,AUTOMOVIL,BMW
839,20946375,AUTOMOVIL,BMW
840,20963266,AUTOMOVIL,BMW
841,21021096,AUTOMOVIL,LAND ROVER
842,20973251,AUTOMOVIL,LAND ROVER
843,20999036,AUTOMOVIL,MAZDA
844,21013625,AUTOMOVIL,BMW
845,21008350,AUTOMOVIL,BMW
846,20987095,AUTOMOVIL,BMW
847,20989407,AUTOMOVIL,BMW
848,21008333,AUTOMOVIL,BMW
849,20945125,AUTOMOVIL,LAND ROVER
850,20975085,AUTOMOVIL,BMW
851,21005512,AUTOMOVIL,BMW
852,20992237,AUTOMOVIL,BMW
853,21029731,AUTOMOVIL,BMW
854,20970748,AUTOMOVIL,BMW
855,20969038,AUTOMOVIL,BMW
856,20998911,FURGON,JAC
857,20968368,FURGON,FORD
858,21012225,AUTOMOVIL,VOLVO
859,20979972,AUTOMOVIL,VOLVO
860,21012782,CAMION,JAC
861,21007507,CAMION,FORD
862,21020576,CAMION,MAXUS
863,20950161,CAMION,MAXUS
864,20964143,AUTOMOVIL,MERCEDES BENZ
865,20990386,AUTOMOVIL,MERCEDES BENZ
866,20975699,CHASSIS CABINA,FORD
867,21006369,AUTOMOVIL,MERCEDES BENZ
868,20975750,AUTOMOVIL,MERCEDES BENZ
869,20960716,AUTOMOVIL,MERCEDES BENZ
870,21023739,AUTOMOVIL,MERCEDES BENZ
871,21002235,AUTOMOVIL,MERCEDES BENZ
872,20997460,AUTOMOVIL,MERCEDES BENZ
873,21013421,AUTOMOVIL,MERCEDES BENZ
874,21010001,CHASSIS CABINA,MACK
875,21008617,AUTOMOVIL,HYUNDAI
876,21014983,AUTOMOVIL,HYUNDAI
877,21014133,AUTOMOVIL,PORSCHE
878,20991542,AUTOMOVIL,MERCEDES BENZ
879,20985496,CAMION,DONGFENG
880,20996024,CAMION,RENAULT
881,20968104,CAMION,SINOTRUCK INTERNATIONAL
882,20993072,AUTOMOVIL,MERCEDES BENZ
883,20967675,AUTOMOVIL,MERCEDES BENZ
884,21014116,CAMION,SINOTRUK
885,21008124,CAMION,FAW
886,20973556,CAMION,FORD
887,20961939,CAMION,MAXUS
888,20965403,CAMION,NO ESPECIFICADA
889,20964549,CAMION,MAXUS
890,20996042,CAMION,MAXUS
891,21023260,CAMION,CHEVROLET
892,21016829,CAMION,NO ESPECIFICADA
893,20990074,CAMION,NO ESPECIFICADA
894,20948103,CAMION,NO ESPECIFICADA
895,21009947,CAMION,NO ESPECIFICADA
896,21001514,CAMION,NO ESPECIFICADA
897,21001026,AUTOMOVIL,MERCEDES BENZ
898,20980756,AUTOMOVIL,MERCEDES BENZ
899,20972962,AUTOMOVIL,PORSCHE
900,20990806,AUTOMOVIL,MG
901,20965487,CASA RODANTE,THOR MOTOR COACH
902,21019442,AUTOMOVIL,VOLKSWAGEN
903,20945137,AUTOMOVIL,MG
904,20970429,AUTOMOVIL,MERCEDES BENZ
905,21004007,CHASSIS CABINA,FREIGHTLINER
906,21026075,CHASSIS CABINA,FREIGHTLINER
907,20984181,CHASSIS CABINA,FREIGHTLINER
908,20949268,CHASSIS CABINA,FREIGHTLINER
909,21007684,CHASSIS CABINA,MERCEDES BENZ
910,20977989,CHASSIS CABINA,JAC
911,21003390,CHASSIS CABINA,MERCEDES BENZ
912,21024149,CARRO BOMBA,SCANIA
913,21026525,CARRO BOMBA,IVECO
914,20965607,CAMION,NISSAN
915,20954616,CAMION,VOLVO
916,20996671,CAMION,VOLVO
917,21001218,AUTOMOVIL,PORSCHE
918,21029457,AUTOMOVIL,PORSCHE
919,21029108,AUTOMOVIL,MERCEDES BENZ
920,20957036,AUTOMOVIL,MERCEDES BENZ
921,21024283,AUTOMOVIL,MERCEDES BENZ
922,20962715,AUTOMOVIL,MERCEDES BENZ
923,20992047,AUTOMOVIL,MERCEDES BENZ
924,20964344,AUTOMOVIL,MERCEDES BENZ
925,20965706,AUTOMOVIL,MERCEDES BENZ
926,20978982,AUTOMOVIL,MERCEDES BENZ
927,20998944,AUTOMOVIL,MERCEDES BENZ
928,21006560,AUTOMOVIL,MERCEDES BENZ
929,20971561,AUTOMOVIL,MERCEDES BENZ
930,20961036,AUTOMOVIL,MERCEDES BENZ
931,20987000,AUTOMOVIL,MERCEDES BENZ
932,20990120,AUTOMOVIL,MERCEDES BENZ
933,20968728,AUTOMOVIL,MERCEDES BENZ
934,20963397,AUTOMOVIL,MERCEDES BENZ
935,20970440,AUTOMOVIL,MERCEDES BENZ
936,20950527,AUTOMOVIL,MERCEDES BENZ
937,20972379,AUTOMOVIL,MERCEDES BENZ
938,21020154,AUTOMOVIL,MG
939,20969225,AUTOMOVIL,MG
940,20974028,AUTOMOVIL,MG
941,21014333,AUTOMOVIL,MG
942,20976091,AUTOMOVIL,OPEL
943,20980424,AUTOMOVIL,TOYOTA
944,21016008,AUTOMOVIL,PEUGEOT
945,21012782,CHASSIS CABINA,JAC
946,20958809,CHASSIS CABINA,HINO
947,21001730,AUTOMOVIL,MERCEDES BENZ
948,21003317,AUTOMOVIL,MERCEDES BENZ
949,21018835,AUTOMOVIL,MERCEDES BENZ
950,21029696,AUTOMOVIL,MERCEDES BENZ
951,21007835,AUTOMOVIL,MERCEDES BENZ
952,20992939,AUTOMOVIL,MERCEDES BENZ
953,20973815,AUTOMOVIL,MERCEDES BENZ
954,21006519,AUTOMOVIL,MERCEDES BENZ
955,20975643,AUTOMOVIL,MERCEDES BENZ
956,21027201,AUTOMOVIL,MERCEDES BENZ
957,21012361,AUTOMOVIL,MERCEDES BENZ
958,20946684,AUTOMOVIL,MERCEDES BENZ
959,21027556,AUTOMOVIL,MERCEDES BENZ
960,21002700,AUTOMOVIL,MERCEDES BENZ
961,20998968,AUTOMOVIL,MERCEDES BENZ
962,21016135,AUTOMOVIL,MERCEDES BENZ
963,20962765,AUTOMOVIL,MERCEDES BENZ
964,20948100,AUTOMOVIL,MERCEDES BENZ
965,20951281,AUTOMOVIL,MERCEDES BENZ
966,21023907,AUTOMOVIL,MERCEDES BENZ
967,20945917,AUTOMOVIL,MERCEDES BENZ
968,20950725,AUTOMOVIL,NISSAN
969,21015114,AUTOMOVIL,MERCEDES BENZ
970,21018805,AUTOMOVIL,MERCEDES BENZ
971,20992609,AUTOMOVIL,MERCEDES BENZ
972,20959345,AUTOMOVIL,MERCEDES BENZ
973,21014721,AUTOMOVIL,MERCEDES BENZ
974,21007884,AUTOMOVIL,MERCEDES BENZ
975,21024441,AUTOMOVIL,MERCEDES BENZ
976,20978485,AUTOMOVIL,MERCEDES BENZ
977,21001975,AUTOMOVIL,MERCEDES BENZ
978,20957736,AUTOMOVIL,MERCEDES BENZ
979,21020154,AUTOMOVIL,MG
980,21003668,AUTOMOVIL,MG
981,20974028,AUTOMOVIL,MG
982,21002869,AUTOMOVIL,OMADA
983,20955010,CHASSIS CABINA,MITSUBISHI FUSO
984,20967889,CHASSIS CABINA,MITSUBISHI FUSO
985,20986965,CHASSIS CABINA,MITSUBISHI FUSO
986,21009762,CHASSIS CABINA,MITSUBISHI FUSO
987,20956882,AUTOMOVIL,JAGUAR
988,20972154,CHASSIS CABINA,MITSUBISHI FUSO
989,20990407,CHASSIS CABINA,MITSUBISHI FUSO
990,21020384,CHASSIS CABINA,MITSUBISHI FUSO
991,21012076,CHASSIS CABINA,FREIGHTLINER
992,20991842,CHASSIS CABINA,NO ESPECIFICADA
993,21005626,CHASSIS CABINA,NO ESPECIFICADA
994,20968402,CHASSIS CABINA,NO ESPECIFICADA
995,20987142,MOTOCICLETA,BMW
996,20959695,OTROS,JETOUR
997,21016222,AUTOMOVIL,MERCEDES BENZ
998,20969398,AUTOMOVIL,MERCEDES BENZ
999,21013201,AUTOMOVIL,MERCEDES BENZ
1000,20983700,AUTOMOVIL,MERCEDES BENZ
1001,20975651,AUTOMOVIL,MERCEDES BENZ
1002,21001799,AUTOMOVIL,MERCEDES BENZ
1003,20950464,AUTOMOVIL,VOLVO
1004,20974041,AUTOMOVIL,MERCEDES BENZ
1005,21005613,AUTOMOVIL,MERCEDES BENZ
1006,21025166,AUTOMOVIL,MERCEDES BENZ
1007,20959515,AUTOMOVIL,MERCEDES BENZ
1008,21022127,AUTOMOVIL,MERCEDES BENZ
1009,20986937,AUTOMOVIL,MERCEDES BENZ
1010,21007226,AUTOMOVIL,MERCEDES BENZ
1011,20980247,AUTOMOVIL,MERCEDES BENZ
1012,20965292,AUTOMOVIL,MERCEDES BENZ
1013,21008027,AUTOMOVIL,MERCEDES BENZ
1014,20972148,AUTOMOVIL,MERCEDES BENZ
1015,20986716,AUTOMOVIL,MERCEDES BENZ
1016,20947021,AUTOMOVIL,MERCEDES BENZ
1017,20995283,AUTOMOVIL,MERCEDES BENZ
1018,20961333,AUTOMOVIL,MERCEDES BENZ
1019,20990098,AUTOMOVIL,MERCEDES BENZ
1020,20996805,AUTOMOVIL,MERCEDES BENZ
1021,20965770,AUTOMOVIL,MERCEDES BENZ
1022,21030570,AUTOMOVIL,MERCEDES BENZ
1023,20947861,AUTOMOVIL,MERCEDES BENZ
1024,20956031,AUTOMOVIL,MERCEDES BENZ
1025,21002212,AUTOMOVIL,MERCEDES BENZ
1026,20968963,AUTOMOVIL,LAND ROVER
1027,20974358,AUTOMOVIL,LAND ROVER
1028,20954356,AUTOMOVIL,NO ESPECIFICADA
1029,21020036,AUTOMOVIL,MERCEDES BENZ
1030,20985843,AUTOMOVIL,MERCEDES BENZ
1031,21023958,AUTOMOVIL,MERCEDES BENZ
1032,20963462,AUTOMOVIL,MERCEDES BENZ
1033,20981649,AUTOMOVIL,MERCEDES BENZ
1034,20965501,AUTOMOVIL,SUBARU
1035,20954040,AUTOMOVIL,LEXUS
1036,20964848,AUTOMOVIL,TOYOTA
1037,21026672,AUTOMOVIL,TOYOTA
1038,21029951,AUTOMOVIL,TOYOTA
1039,20946123,AUTOMOVIL,TOYOTA
1040,20947147,AUTOMOVIL,TOYOTA
1041,21006605,AUTOMOVIL,TOYOTA
1042,20960091,AUTOMOVIL,TOYOTA
1043,20970965,AUTOMOVIL,JAC
1044,20951412,VEHICULO TODO TERRENO,BOMBARDIER RECREATIONAL
1045,20951412,VEHICULO TODO TERRENO,NO ESPECIFICADA
1046,20955934,MINI VAN,NO ESPECIFICADA
1047,20968104,CHASSIS CABINA,SINOTRUK
1048,21020659,CHASSIS CABINA,SINOTRUK
1049,21026412,CHASSIS CABINA,HYUNDAI
1050,21031146,CHASSIS CABINA,HYUNDAI
1051,20959907,CHASSIS CABINA,HYUNDAI
1052,20969866,OTROS,NO ESPECIFICADA
1053,21015434,AUTOMOVIL,DS
1054,20982255,AUTOMOVIL,BMW
1055,20975336,AUTOMOVIL,BMW
1056,21000400,AUTOMOVIL,BMW
1057,20992676,AUTOMOVIL,BMW
1058,21011729,AUTOMOVIL,BMW
1059,21015915,AUTOMOVIL,BMW
1060,20963923,AUTOMOVIL,BMW
1061,21006658,AUTOMOVIL,BMW
1062,21019041,AUTOMOVIL,BMW
1063,20965527,AUTOMOVIL,BMW
1064,20995086,AUTOMOVIL,BMW
1065,20946955,AUTOMOVIL,BMW
1066,21026598,AUTOMOVIL,BMW
1067,21027254,AUTOMOVIL,BMW
1068,20998645,AUTOMOVIL,BMW
1069,20958737,AUTOMOVIL,BMW
1070,21021040,AUTOMOVIL,BMW
1071,20982187,AUTOMOVIL,BMW
1072,21029287,AUTOMOVIL,BMW
1073,20967112,AUTOMOVIL,BMW
1074,20946551,AUTOMOVIL,BMW
1075,21005608,AUTOMOVIL,BMW
1076,21013983,AUTOMOVIL,BMW
1077,21022975,AUTOMOVIL,SUZUKI
1078,20978446,AUTOMOVIL,SUZUKI
1079,21003911,AUTOMOVIL,SUZUKI
1080,20952156,AUTOMOVIL,SUZUKI
1081,21026684,AUTOMOVIL,SUZUKI
1082,20949626,AUTOMOVIL,SUZUKI
1083,21022747,AUTOMOVIL,JAC
1084,21016364,AUTOMOVIL,JAC
1085,20947194,AUTOMOVIL,LEXUS
1086,20975173,AUTOMOVIL,TOYOTA
1087,21008230,AUTOMOVIL,TOYOTA
1088,20954318,AUTOMOVIL,TOYOTA
1089,21026142,AUTOMOVIL,TOYOTA
1090,21014493,AUTOMOVIL,TOYOTA
1091,21019246,AUTOMOVIL,TOYOTA
1092,20999036,AUTOMOVIL,MAZDA
1093,20971570,AUTOMOVIL,BMW
1094,21011679,AUTOMOVIL,BMW
1095,21006129,AUTOMOVIL,BMW
1096,20960478,AUTOMOVIL,MAZDA
1097,20973291,AUTOMOVIL,SUZUKI
1098,20991066,AUTOMOVIL,MAZDA
1099,20993925,AUTOMOVIL,MINI
1100,20960338,AUTOMOVIL,MINI
1101,20962793,AUTOMOVIL,MINI
1102,20972930,AUTOMOVIL,MINI
1103,21014163,AUTOMOVIL,BMW
1104,20949981,AUTOMOVIL,BMW
1105,20948988,AUTOMOVIL,MINI
1106,20948942,AUTOMOVIL,MINI
1107,21015458,AUTOMOVIL,MINI
1108,21017054,AUTOMOVIL,MINI
1109,20982238,AUTOMOVIL,MINI
1110,21029644,AUTOMOVIL,MINI
1111,20963774,AUTOMOVIL,MINI
1112,20994616,AUTOMOVIL,MINI
1113,21028691,OTROS,SUZUKI
1114,21010295,AUTOMOVIL,BMW
1115,20953327,AUTOMOVIL,BMW
1116,20969257,AUTOMOVIL,BMW
1117,20976417,AUTOMOVIL,BMW
1118,20972749,AUTOMOVIL,BMW
1119,20983558,AUTOMOVIL,BMW
1120,20960028,AUTOMOVIL,BMW
1121,21017858,AUTOMOVIL,BMW
1122,20984173,AUTOMOVIL,BMW
1123,21024033,AUTOMOVIL,BMW
1124,20994876,AUTOMOVIL,BMW
1125,20948965,AUTOMOVIL,BMW
1126,20979776,AUTOMOVIL,BMW
1127,21012772,AUTOMOVIL,BMW
1128,20968562,AUTOMOVIL,BMW
1129,20993192,AUTOMOVIL,BMW
1130,20991471,AUTOMOVIL,BMW
1131,21016533,AUTOMOVIL,BMW
1132,21017507,AUTOMOVIL,BMW
1133,20955234,AUTOMOVIL,BMW
1134,20953311,AUTOMOVIL,BMW
1135,21014525,AUTOMOVIL,BMW
1136,20972813,AUTOMOVIL,BMW
1137,20987285,AUTOMOVIL,BMW
1138,20947831,AUTOMOVIL,BMW
1139,20979145,AUTOMOVIL,BMW
1140,20984593,AUTOMOVIL,BMW
1141,20995323,AUTOMOVIL,BMW
1142,21012213,AUTOMOVIL,BMW
1143,21020400,AUTOMOVIL,BMW
1144,21027748,AUTOMOVIL,BMW
1145,20973167,AUTOMOVIL,BMW
1146,20945671,AUTOMOVIL,BMW
1147,20985163,AUTOMOVIL,BMW
1148,20997898,AUTOMOVIL,BMW
1149,20974334,AUTOMOVIL,BMW
1150,20950032,AUTOMOVIL,BMW
1151,20956405,AUTOMOVIL,BMW
1152,21009223,AUTOMOVIL,BMW
1153,20986912,AUTOMOVIL,BMW
1154,20991458,AUTOMOVIL,BMW
1155,20991837,AUTOMOVIL,BMW
1156,20996391,AUTOMOVIL,BMW
1157,20985241,AUTOMOVIL,BMW
1158,20997841,AUTOMOVIL,BMW
1159,21004162,AUTOMOVIL,BMW
1160,20962686,AUTOMOVIL,BMW
1161,20998247,AUTOMOVIL,BMW
1162,20961874,AUTOMOVIL,BMW
1163,20998865,AUTOMOVIL,BMW
1164,21027382,AUTOMOVIL,BMW
1165,20962844,AUTOMOVIL,BMW
1166,21027953,AUTOMOVIL,BMW
1167,20968780,AUTOMOVIL,BMW
1168,20965189,AUTOMOVIL,BMW
1169,20982271,AUTOMOVIL,BMW
1170,21021260,AUTOMOVIL,BMW
1171,20969417,AUTOMOVIL,BMW
1172,20971382,AUTOMOVIL,BMW
1173,20991971,AUTOMOVIL,ASTON MARTIN
1174,20967304,AUTOMOVIL,DODGE
1175,20961523,AUTOMOVIL,CF GOLF CART
1176,20976743,AUTOMOVIL,KIA
1177,21024429,AUTOMOVIL,KIA
1178,20986332,AUTOMOVIL,KIA
1179,21021533,AUTOMOVIL,VOLKSWAGEN
1180,20970783,AUTOMOVIL,VOLKSWAGEN
1181,21001968,AUTOMOVIL,VOLKSWAGEN
1182,20949829,AUTOMOVIL,VOLKSWAGEN
1183,20980884,AUTOMOVIL,AUDI
1184,20952136,AUTOMOVIL,SKODA
1185,21004497,OTROS,SEAT
1186,20999028,FURGON,DFSK
1187,20999028,CAMION,DFSK
1188,21001968,CAMION,VOLKSWAGEN
1189,21024075,AUTOMOVIL,MITSUBISHI
1190,21025635,AUTOMOVIL,MITSUBISHI
1191,21021303,AUTOMOVIL,MITSUBISHI
1192,20982324,AUTOMOVIL,MITSUBISHI
1193,21023644,AUTOMOVIL,MITSUBISHI
1194,21029308,AUTOMOVIL,CITROEN
1195,20989558,AUTOMOVIL,CITROEN
1196,21003424,AUTOMOVIL,CITROEN
1197,20953188,AUTOMOVIL,CITROEN
1198,20995330,AUTOMOVIL,VOLVO
1199,21029785,AUTOMOVIL,VOLVO
1200,20961873,AUTOMOVIL,VOLVO
1201,20982029,AUTOMOVIL,VOLVO
1202,20987476,AUTOMOVIL,VOLVO
1203,20960587,AUTOMOVIL,VOLVO
1204,21031088,AUTOMOVIL,VOLVO
1205,20991088,AUTOMOVIL,VOLVO
1206,20947282,AUTOMOVIL,VOLVO
1207,21028347,AUTOMOVIL,VOLVO
1208,21018729,AUTOMOVIL,VOLVO
1209,21008225,AUTOMOVIL,VOLKSWAGEN
1210,20952721,AUTOMOVIL,VOLKSWAGEN
1211,20961653,AUTOMOVIL,MAXUS
1212,20971016,AUTOMOVIL,MAXUS
1213,20999932,AUTOMOVIL,BMW
1214,21027513,AUTOMOVIL,BMW
1215,21020272,AUTOMOVIL,BMW
1216,21011681,AUTOMOVIL,BMW
1217,20956203,AUTOMOVIL,BMW
1218,20979366,AUTOMOVIL,BMW
1219,20968867,AUTOMOVIL,BMW
1220,20991682,AUTOMOVIL,BMW
1221,21015503,AUTOMOVIL,BMW
1222,20998876,AUTOMOVIL,BMW
1223,20998672,AUTOMOVIL,MAXUS
1224,20977476,AUTOMOVIL,MAXUS
1225,20982499,AUTOMOVIL,KIA
1226,20952136,AUTOMOVIL,SKODA
1227,20981680,AUTOMOVIL,MG
1228,20989744,AUTOMOVIL,MG
1229,21008634,AUTOMOVIL,OMADA
1230,21008634,AUTOMOVIL,OMODA
1231,21000897,AUTOMOVIL,PORSCHE
1232,20967720,AUTOMOVIL,PORSCHE
1233,20959695,AUTOMOVIL,JETOUR
1234,20998677,AUTOMOVIL,SUBARU
1235,21011636,AUTOMOVIL,NO ESPECIFICADA
1236,20946581,AUTOMOVIL,SUBARU
1237,20965501,AUTOMOVIL,SUBARU
1238,20989047,AUTOMOVIL,GEELY
1239,21030451,AUTOMOVIL,TOYOTA
1240,20954040,AUTOMOVIL,TOYOTA
1241,20954040,AUTOMOVIL,LEXUS
1242,21016281,AUTOMOVIL,TOYOTA
1243,20998046,AUTOMOVIL,TOYOTA
1244,20947348,AUTOMOVIL,TOYOTA
1245,21010232,AUTOMOVIL,TOYOTA
1246,20998391,AUTOMOVIL,TOYOTA
1247,20973571,AUTOMOVIL,TOYOTA
1248,20971791,AUTOMOVIL,TOYOTA
1249,21006441,AUTOMOVIL,TOYOTA
1250,20951250,AUTOMOVIL,JAC
1251,20970965,AUTOMOVIL,JAC
1252,21031489,AUTOMOVIL,SUZUKI
1253,21003911,AUTOMOVIL,SUZUKI
1254,20952156,AUTOMOVIL,SUZUKI
1255,20998344,AUTOMOVIL,SUZUKI
1256,21028162,AUTOMOVIL,SUZUKI
1257,21020407,AUTOMOVIL,SUZUKI
1258,21005879,AUTOMOVIL,SUZUKI
1259,20994140,AUTOMOVIL,LEXUS
1260,21029141,AUTOMOVIL,TOYOTA
1261,20947194,AUTOMOVIL,TOYOTA
1262,20947194,AUTOMOVIL,LEXUS
1263,20975662,AUTOMOVIL,TOYOTA
1264,21015663,AUTOMOVIL,TOYOTA
1265,20962497,AUTOMOVIL,TOYOTA
1266,21014988,AUTOMOVIL,TOYOTA
1267,20983379,AUTOMOVIL,TOYOTA
1268,20983637,AUTOMOVIL,TOYOTA
1269,21003268,AUTOMOVIL,TOYOTA
1270,20980533,AUTOMOVIL,TOYOTA
1271,21014638,AUTOMOVIL,SUBARU
1272,20969332,AUTOMOVIL,VOLVO
1273,20999028,AUTOMOVIL,DFSK
1274,20999028,AUTOMOVIL,DFSR
1275,20960647,AUTOMOVIL,DFSK
1276,21003941,AUTOMOVIL,DFSK
1277,20973291,AUTOMOVIL,SUZUKI
1278,20991066,AUTOMOVIL,MAZDA
1279,21013363,AUTOMOVIL,CHANGAN
1280,21007653,AUTOMOVIL,BMW
1281,20964561,AUTOMOVIL,BMW
1282,21013129,AUTOMOVIL,BMW
1283,20957730,AUTOMOVIL,BMW
1284,21025084,AUTOMOVIL,BMW
1285,20969921,AUTOMOVIL,BMW
1286,20952429,AUTOMOVIL,BMW
1287,21022623,AUTOMOVIL,BMW
1288,20966706,AUTOMOVIL,BMW
1289,20999590,AUTOMOVIL,BMW
1290,21016359,AUTOMOVIL,BMW
1291,20946774,AUTOMOVIL,BMW
1292,21009242,AUTOMOVIL,BMW
1293,20958031,AUTOMOVIL,BMW
1294,20990065,AUTOMOVIL,BMW
1295,21004523,AUTOMOVIL,BMW
1296,20945185,AUTOMOVIL,BMW
1297,20985201,AUTOMOVIL,BMW
1298,21027273,AUTOMOVIL,BMW
1299,20983755,AUTOMOVIL,BMW
1300,21020883,AUTOMOVIL,BMW
1301,20961140,AUTOMOVIL,BMW
1302,20994551,AUTOMOVIL,BMW
1303,20967785,AUTOMOVIL,BMW
1304,21020612,AUTOMOVIL,BMW
1305,20967398,AUTOMOVIL,BMW
1306,20963447,AUTOMOVIL,MINI
1307,21008031,AUTOMOVIL,MINI
1308,20989288,AUTOMOVIL,MINI
1309,20954419,AUTOMOVIL,MINI
1310,20983711,AUTOMOVIL,MINI
1311,20967590,AUTOMOVIL,MINI
1312,20999125,AUTOMOVIL,MINI
1313,20961856,AUTOMOVIL,MINI
1314,21027124,AUTOMOVIL,MINI
1315,20968203,AUTOMOVIL,MINI
1316,21004212,AUTOMOVIL,MINI
1317,21024175,AUTOMOVIL,MINI
1318,20976939,AUTOMOVIL,MINI
1319,20986393,AUTOMOVIL,MINI
1320,20964569,AUTOMOVIL,MINI
1321,21004926,AUTOMOVIL,MINI
1322,20989254,AUTOMOVIL,MINI
1323,21021652,AUTOMOVIL,MINI
1324,20998265,AUTOMOVIL,BMW
1325,20975110,AUTOMOVIL,BMW
1326,21029658,AUTOMOVIL,BMW
1327,20979533,AUTOMOVIL,BMW
1328,20950662,AUTOMOVIL,BMW
1329,21021829,AUTOMOVIL,BMW
1330,20972616,AUTOMOVIL,BMW
1331,20960256,AUTOMOVIL,BMW
1332,20955679,AUTOMOVIL,BMW
1333,20977627,AUTOMOVIL,BMW
1334,20988585,AUTOMOVIL,BMW
1335,21001046,AUTOMOVIL,BMW
1336,21025842,AUTOMOVIL,BMW
1337,21017463,AUTOMOVIL,BMW
1338,21007983,AUTOMOVIL,BMW
1339,20981895,AUTOMOVIL,BMW
1340,21012713,AUTOMOVIL,BMW
1341,21005297,AUTOMOVIL,BMW
1342,21011448,AUTOMOVIL,BMW
1343,20959787,AUTOMOVIL,BMW
1344,20952973,AUTOMOVIL,BMW
1345,20989553,AUTOMOVIL,BMW
1346,20992472,AUTOMOVIL,BMW
1347,20948543,AUTOMOVIL,BMW
1348,20992180,AUTOMOVIL,BMW
1349,20960586,AUTOMOVIL,BMW
1350,20961217,AUTOMOVIL,BMW
1351,20996449,AUTOMOVIL,BMW
1352,20950772,AUTOMOVIL,BMW
1353,20972409,AUTOMOVIL,BMW
1354,20949014,AUTOMOVIL,BMW
1355,20951255,AUTOMOVIL,BMW
1356,20954992,AUTOMOVIL,BMW
1357,20951839,AUTOMOVIL,BMW
1358,20966224,AUTOMOVIL,BMW
1359,20961816,AUTOMOVIL,BMW
1360,20949923,AUTOMOVIL,KIA
1361,20947182,AUTOMOVIL,KIA
1362,20973970,AUTOMOVIL,KIA
1363,20970783,AUTOMOVIL,VOLKSWAGEN
1364,21004497,AUTOMOVIL,SEAT
